string,angle
dxdRQdAmEM,-4.960300275916547
Ekz1WtBZk6l2CYFjyOpWKbPH2gnMrvhSy1h0ZnIxFzkPHgQ,2.0163108794355313
nTvN42tLe8OAxJCKEnD,-1.7480042394366724
Kowm3Tn14NnZ12NrF27IbNuXeE1b9gQTnaPeRnqb2jQYzB95bHxyY,-3.6425219243148566
J3xeSe,-1.585695137516665
R4eAVLYmdm5ocOVQonDRe8y4brB1TW2oCvS7rb4QsVwreIINu,3.2558213247236143
