string,angle
wXyPkq2kOGjW2zxSryMPbvUpgDy,3.943042033110788
HMbYZVYKveb9K4IApEJce6ippWm5,2.540423953928617
7WW2jr8Z0LQu5f0RDqr,2.610511412263347
CiqkcfWVYiRKmJHTRGhe64,-2.641767720579598
PsZsKbKPCQpJvXSgKp94rDPJkioL8peH,-3.9410383089881185
Fq4457PboOtyVF2Uf4Py1SaIVuVehNNlqdNLLl4E25raBJ3pgUyAfy,2.6248947389409576
