string,angle
kNUTc6L8gXz8WLUlOwRfZ3VM9W7ML9OoyIbguQii,-4.386958519064766
NcQPFU43liEkXUc1CFsITn92juwmKGCvwm9j2mZU,3.4434111556983455
7oP5sfI1xaMfhGRIns2PUvDl27ke,-2.6967957120663493
dr2wLusfkPzjrx8JtiHSrMU2WfWkvxSml8g0W,4.161772198547059
U4W4L,-3.375280375121488
1ycEi3bJELqRSrH,1.3482718196439691
